user_id,age,gender,location,num_previous_purchases,avg_purchase_value,days_since_last_purchase,product_category,product_price,discount_offered,purchase
1,56,Male,Urban,42,499.86,132,Clothing,739.48,0.13,0
2,69,Male,Suburban,4,83.76,342,Sports,857.68,0.35,0
3,46,Male,Urban,4,410.21,58,Home,939.02,0.01,0
4,32,Female,Suburban,29,111.58,344,Sports,494.9,0.02,0
5,60,Male,Urban,31,393.37,181,Books,702.36,0.3,0
6,25,Male,Rural,7,369.94,338,Electronics,856.27,0.17,0
7,38,Male,Suburban,9,157.24,320,Books,421.2,0.48,0
8,56,Female,Rural,37,169.65,63,Home,312.87,0.45,0
9,36,Female,Suburban,46,398.34,326,Books,937.04,0.36,0
10,40,Male,Rural,31,236.11,259,Sports,518.1,0.41,0
11,28,Male,Urban,47,368.1,192,Books,499.77,0.33,0
12,28,Male,Urban,27,82.51,142,Home,182.52,0.06,0
13,41,Male,Urban,16,427.75,103,Home,112.61,0.38,1
14,53,Female,Suburban,30,358.33,213,Home,842.9,0.11,0
15,57,Female,Rural,7,454.4,241,Sports,616.06,0.16,0
16,41,Female,Urban,39,74.86,208,Home,329.2,0.41,0
17,20,Female,Rural,24,300.58,92,Electronics,195.78,0.27,0
18,39,Male,Rural,8,303.57,141,Home,557.72,0.43,0
19,19,Male,Urban,1,183.2,111,Books,586.0,0.11,0
20,41,Male,Urban,14,234.65,58,Books,210.96,0.3,0
21,61,Female,Rural,49,28.61,42,Books,852.15,0.04,0
22,47,Male,Urban,2,375.47,206,Sports,88.84,0.32,0
23,55,Female,Urban,48,279.17,267,Books,359.31,0.38,0
24,19,Female,Urban,35,38.29,295,Sports,681.98,0.29,0
25,38,Male,Suburban,3,343.57,117,Sports,277.75,0.13,0
26,50,Male,Rural,13,238.72,19,Home,828.54,0.02,0
27,29,Male,Rural,40,26.89,221,Electronics,741.17,0.06,0
28,39,Female,Suburban,40,485.11,165,Home,790.08,0.31,0
29,61,Male,Rural,24,475.06,130,Home,123.51,0.47,1
30,42,Female,Urban,49,261.32,155,Sports,144.84,0.1,1
31,66,Male,Rural,9,55.9,183,Sports,290.04,0.37,0
32,44,Female,Urban,20,379.76,89,Books,520.49,0.43,0
33,59,Female,Suburban,35,251.05,93,Books,749.28,0.26,0
34,45,Male,Urban,11,158.2,12,Home,837.35,0.33,0
35,33,Female,Rural,26,250.79,321,Clothing,705.81,0.41,0
36,32,Female,Rural,39,266.0,292,Clothing,928.95,0.13,0
37,64,Male,Rural,1,285.73,229,Books,740.05,0.15,0
38,68,Female,Suburban,12,226.2,321,Clothing,309.74,0.0,0
39,61,Male,Suburban,31,306.82,291,Books,268.76,0.48,0
40,69,Female,Rural,30,460.18,25,Sports,697.71,0.46,0
41,20,Male,Urban,15,187.51,74,Home,196.91,0.38,0
42,54,Male,Suburban,31,365.6,363,Electronics,97.25,0.04,0
43,68,Female,Rural,31,448.28,298,Home,534.56,0.22,0
44,24,Female,Rural,33,233.43,149,Books,822.53,0.05,0
45,38,Female,Suburban,10,227.29,147,Books,105.87,0.01,0
46,26,Female,Suburban,9,305.04,7,Home,792.93,0.31,0
47,56,Female,Suburban,14,299.79,28,Books,812.51,0.48,0
48,35,Male,Urban,16,405.23,295,Clothing,484.86,0.45,0
49,21,Female,Urban,39,243.48,208,Clothing,62.02,0.35,1
50,42,Male,Rural,17,498.1,127,Books,178.72,0.05,0
51,31,Male,Suburban,8,39.14,339,Books,708.89,0.14,0
52,67,Female,Urban,24,11.55,115,Clothing,713.22,0.16,0
53,26,Male,Suburban,39,323.7,143,Books,898.86,0.38,0
54,43,Male,Rural,13,156.23,317,Books,584.77,0.4,0
55,19,Male,Urban,24,127.79,234,Home,128.49,0.19,0
56,37,Male,Urban,49,162.83,6,Electronics,125.81,0.21,1
57,45,Female,Urban,21,135.46,44,Clothing,722.53,0.02,0
58,64,Male,Rural,29,25.09,238,Home,187.87,0.14,0
59,24,Female,Suburban,19,486.05,154,Electronics,331.74,0.23,0
60,61,Female,Urban,20,118.17,180,Books,489.78,0.06,0
61,25,Male,Rural,43,369.67,214,Books,29.64,0.23,1
62,64,Female,Suburban,31,383.67,87,Home,252.57,0.43,1
63,52,Female,Rural,45,465.34,255,Books,410.85,0.29,0
64,31,Female,Suburban,48,24.97,72,Sports,283.24,0.04,0
65,34,Male,Rural,20,437.3,178,Home,140.69,0.1,0
66,53,Female,Suburban,34,268.34,211,Electronics,729.37,0.24,0
67,67,Female,Urban,31,319.95,292,Home,814.08,0.18,0
68,57,Female,Suburban,29,325.79,233,Clothing,261.19,0.18,0
69,21,Male,Rural,38,411.7,238,Home,775.55,0.26,0
70,19,Female,Rural,48,173.37,222,Books,388.63,0.29,0
71,23,Male,Suburban,11,369.2,118,Books,509.15,0.4,0
72,59,Male,Urban,40,269.0,312,Sports,856.72,0.17,0
73,21,Male,Urban,46,398.76,263,Sports,751.2,0.4,0
74,46,Male,Suburban,17,495.37,206,Sports,806.09,0.17,0
75,35,Male,Suburban,20,108.32,94,Electronics,141.16,0.03,0
76,43,Male,Rural,12,497.38,221,Sports,74.37,0.28,0
77,61,Female,Urban,20,54.01,275,Electronics,893.94,0.29,0
78,51,Male,Suburban,7,11.14,230,Sports,390.9,0.47,0
79,27,Female,Urban,45,31.64,308,Electronics,291.44,0.36,0
80,53,Female,Suburban,39,177.47,118,Home,726.07,0.46,0
81,31,Male,Suburban,45,320.12,267,Home,837.23,0.45,0
82,48,Female,Urban,6,43.82,272,Books,863.18,0.3,0
83,65,Female,Suburban,22,12.78,63,Electronics,319.42,0.26,0
84,32,Female,Suburban,43,469.17,297,Clothing,852.95,0.28,0
85,25,Female,Rural,31,412.74,349,Books,45.73,0.49,1
86,31,Male,Suburban,10,406.5,10,Home,54.41,0.39,1
87,40,Female,Suburban,21,443.37,97,Electronics,625.4,0.05,0
88,57,Male,Suburban,21,353.02,70,Sports,67.79,0.39,1
89,38,Female,Rural,42,61.16,363,Clothing,327.99,0.09,0
90,33,Female,Urban,24,205.56,57,Home,674.39,0.22,0
91,62,Male,Rural,21,364.34,289,Books,340.58,0.11,0
92,35,Female,Rural,27,147.36,250,Electronics,183.7,0.34,0
93,64,Female,Urban,28,346.83,275,Clothing,284.94,0.44,0
94,41,Female,Rural,12,22.0,49,Electronics,460.29,0.15,0
95,43,Male,Urban,17,160.01,357,Sports,478.01,0.04,0
96,42,Female,Rural,1,279.07,215,Books,784.09,0.15,0
97,62,Male,Urban,28,319.72,51,Electronics,751.4,0.34,0
98,58,Female,Suburban,20,292.75,270,Home,459.53,0.16,0
99,46,Male,Rural,14,351.9,83,Books,846.44,0.14,0
100,32,Male,Rural,26,12.98,292,Home,118.67,0.09,0
101,62,Female,Rural,49,59.46,125,Electronics,259.08,0.25,0
102,18,Female,Rural,30,435.78,295,Books,828.84,0.14,0
103,42,Male,Suburban,14,344.06,71,Home,381.1,0.37,0
104,24,Male,Rural,22,65.34,295,Sports,981.28,0.04,0
105,26,Female,Suburban,23,422.62,235,Sports,468.92,0.33,0
106,41,Male,Suburban,43,128.69,55,Electronics,792.98,0.12,0
107,18,Female,Suburban,12,244.35,359,Books,405.3,0.24,0
108,61,Female,Suburban,21,81.15,109,Clothing,427.83,0.14,0
109,25,Female,Urban,42,357.95,191,Books,385.97,0.36,0
110,41,Female,Urban,36,336.76,92,Sports,720.48,0.47,0
111,28,Male,Rural,32,113.45,349,Home,549.78,0.46,0
112,68,Female,Urban,2,433.07,55,Clothing,944.06,0.29,0
113,34,Male,Urban,18,206.64,59,Electronics,254.64,0.23,0
114,25,Female,Rural,22,153.33,137,Clothing,105.06,0.41,0
115,52,Male,Rural,28,84.64,38,Electronics,396.3,0.34,0
116,52,Female,Rural,29,140.42,27,Clothing,618.63,0.09,0
117,50,Male,Urban,38,20.79,48,Electronics,861.49,0.41,0
118,22,Male,Urban,43,295.8,124,Electronics,349.47,0.21,0
119,59,Female,Rural,46,422.69,12,Clothing,655.52,0.09,0
120,56,Female,Suburban,24,279.0,35,Clothing,353.45,0.14,0
121,58,Female,Rural,36,117.44,100,Electronics,619.13,0.13,0
122,45,Female,Suburban,46,26.5,281,Sports,885.38,0.26,0
123,24,Male,Suburban,7,115.17,85,Clothing,235.2,0.12,0
124,26,Female,Rural,41,213.9,3,Books,407.22,0.06,0
125,25,Male,Rural,15,382.21,222,Home,993.3,0.06,0
126,29,Male,Rural,7,102.04,337,Electronics,869.21,0.29,0
127,51,Female,Urban,0,362.7,165,Electronics,566.82,0.37,0
128,50,Male,Suburban,43,434.8,343,Home,519.04,0.16,0
129,65,Male,Urban,4,232.43,277,Sports,288.18,0.02,0
130,40,Male,Urban,2,412.5,129,Home,519.62,0.06,0
131,41,Male,Rural,0,281.78,30,Clothing,848.94,0.46,0
132,54,Female,Urban,3,322.17,10,Home,686.75,0.25,0
133,52,Female,Rural,39,267.88,301,Electronics,293.59,0.23,0
134,61,Female,Suburban,34,236.95,95,Home,205.46,0.02,0
135,57,Female,Rural,31,124.98,189,Books,268.88,0.36,0
136,39,Male,Urban,41,158.57,191,Clothing,173.91,0.26,0
137,44,Male,Urban,33,152.09,265,Home,100.16,0.1,0
138,52,Female,Rural,42,286.01,127,Electronics,422.04,0.06,0
139,18,Female,Rural,24,68.78,237,Clothing,117.73,0.19,0
140,52,Female,Urban,9,459.23,354,Electronics,176.05,0.42,0
141,54,Male,Suburban,20,363.12,111,Sports,549.59,0.43,0
142,64,Female,Suburban,45,206.71,315,Books,168.78,0.3,0
143,31,Female,Rural,38,87.73,342,Sports,68.56,0.36,0
144,20,Female,Suburban,26,442.18,144,Books,320.8,0.06,0
145,18,Male,Urban,26,413.65,64,Home,224.22,0.29,1
146,22,Male,Rural,1,363.64,246,Clothing,517.73,0.33,0
147,43,Male,Urban,40,143.06,222,Home,106.86,0.1,0
148,31,Male,Urban,47,207.2,312,Books,753.01,0.44,0
149,56,Male,Suburban,12,60.35,105,Books,906.7,0.1,0
150,44,Male,Rural,8,102.63,180,Books,744.72,0.16,0
151,26,Male,Rural,35,393.68,183,Electronics,535.16,0.31,0
152,32,Male,Suburban,21,360.37,225,Clothing,861.36,0.32,0
153,32,Female,Urban,41,300.81,264,Home,696.44,0.35,0
154,43,Female,Urban,25,448.91,277,Home,15.5,0.06,1
155,59,Male,Urban,11,295.8,88,Sports,397.12,0.42,0
156,30,Male,Urban,16,238.81,175,Books,851.7,0.27,0
157,68,Female,Rural,13,176.78,17,Books,349.13,0.24,0
158,49,Male,Rural,13,470.82,105,Books,40.04,0.49,1
159,56,Male,Suburban,33,50.53,270,Home,747.45,0.37,0
160,66,Male,Suburban,19,466.13,318,Sports,803.03,0.06,0
161,69,Female,Rural,10,415.09,166,Electronics,164.79,0.38,0
162,49,Female,Rural,15,73.67,12,Clothing,539.65,0.05,0
163,21,Female,Urban,30,286.84,336,Electronics,196.0,0.01,0
164,47,Female,Urban,5,434.61,31,Home,720.64,0.2,0
165,54,Female,Suburban,18,290.19,39,Books,275.19,0.5,0
166,40,Male,Rural,36,454.53,147,Clothing,319.63,0.09,0
167,56,Female,Suburban,3,472.06,217,Home,845.75,0.34,0
168,62,Male,Rural,46,216.97,218,Home,478.94,0.09,0
169,32,Male,Urban,3,194.88,81,Home,671.41,0.36,0
170,60,Female,Suburban,19,468.8,332,Clothing,405.36,0.25,0
171,46,Female,Suburban,9,340.82,207,Clothing,301.52,0.34,0
172,53,Male,Rural,23,66.85,200,Sports,627.35,0.1,0
173,30,Male,Urban,34,30.72,331,Sports,159.08,0.37,0
174,49,Male,Suburban,25,286.67,37,Electronics,376.13,0.5,0
175,24,Female,Urban,36,465.78,210,Clothing,212.99,0.33,1
176,68,Female,Suburban,37,423.68,326,Clothing,697.32,0.25,0
177,39,Female,Urban,20,341.17,248,Clothing,944.49,0.46,0
178,45,Female,Rural,39,78.17,226,Sports,995.53,0.01,0
179,19,Female,Suburban,38,134.57,47,Home,453.03,0.36,0
180,59,Male,Suburban,20,439.0,17,Books,256.27,0.44,1
181,62,Female,Urban,9,99.58,294,Sports,445.62,0.03,0
182,23,Male,Urban,37,146.44,195,Clothing,848.03,0.23,0
183,45,Male,Suburban,45,73.5,186,Sports,209.98,0.1,0
184,45,Male,Rural,3,341.29,344,Electronics,952.34,0.28,0
185,61,Female,Urban,44,472.55,223,Clothing,345.16,0.32,0
186,61,Female,Urban,19,141.79,317,Electronics,985.87,0.15,0
187,37,Female,Urban,16,242.95,364,Clothing,839.42,0.23,0
188,47,Male,Suburban,6,320.83,336,Sports,809.53,0.14,0
189,28,Male,Suburban,3,499.74,228,Home,321.32,0.18,0
190,45,Male,Suburban,28,61.36,76,Books,13.73,0.08,1
191,42,Male,Suburban,13,254.3,187,Electronics,385.22,0.44,0
192,56,Male,Rural,2,198.71,345,Sports,305.3,0.01,0
193,50,Male,Rural,23,434.25,269,Home,42.21,0.44,1
194,18,Female,Suburban,36,243.22,94,Sports,507.84,0.29,0
195,44,Female,Rural,15,64.38,309,Electronics,406.02,0.17,0
196,69,Female,Urban,3,320.87,131,Books,636.38,0.36,0
197,30,Female,Urban,23,387.68,38,Sports,623.08,0.25,0
198,58,Male,Urban,33,11.41,71,Clothing,125.14,0.25,0
199,20,Male,Suburban,29,430.89,280,Home,977.08,0.06,0
200,56,Female,Urban,17,101.15,332,Sports,191.0,0.19,0
201,23,Male,Rural,18,280.51,159,Home,448.05,0.12,0
202,25,Female,Suburban,30,213.74,186,Clothing,490.68,0.01,0
203,44,Female,Rural,18,362.63,190,Books,814.0,0.18,0
204,26,Female,Urban,48,191.87,119,Books,103.73,0.04,1
205,54,Male,Urban,45,436.18,219,Clothing,431.5,0.13,0
206,50,Female,Urban,18,367.94,52,Home,630.36,0.05,0
207,68,Female,Suburban,21,327.38,221,Sports,219.08,0.05,0
208,59,Female,Rural,23,400.16,130,Clothing,629.33,0.1,0
209,61,Male,Suburban,44,379.47,236,Electronics,924.05,0.5,0
210,41,Male,Suburban,11,27.61,245,Home,997.53,0.0,0
211,32,Female,Urban,29,203.42,225,Books,37.29,0.32,1
212,49,Male,Suburban,37,466.1,207,Clothing,239.41,0.07,0
213,49,Male,Suburban,30,71.6,95,Books,313.76,0.46,0
214,41,Male,Urban,35,371.18,199,Home,402.13,0.05,0
215,58,Male,Suburban,18,487.55,246,Books,246.05,0.48,0
216,69,Male,Urban,47,35.58,71,Clothing,207.47,0.31,0
217,66,Male,Urban,44,344.28,317,Home,954.78,0.0,0
218,66,Male,Urban,35,239.4,184,Electronics,918.93,0.45,0
219,69,Male,Urban,29,293.8,5,Clothing,51.76,0.26,1
220,29,Male,Suburban,48,51.82,205,Sports,342.12,0.13,0
221,56,Male,Urban,32,31.07,31,Clothing,408.12,0.38,0
222,19,Female,Urban,17,336.76,98,Home,242.82,0.46,0
223,20,Female,Suburban,48,413.42,255,Clothing,630.73,0.24,0
224,66,Male,Suburban,27,393.19,186,Electronics,642.18,0.16,0
225,54,Female,Rural,46,276.46,75,Electronics,851.25,0.39,0
226,66,Female,Suburban,10,58.93,176,Sports,742.16,0.34,0
227,34,Male,Suburban,44,347.14,314,Books,544.86,0.44,0
228,66,Male,Rural,32,128.53,286,Home,655.32,0.35,0
229,19,Male,Suburban,16,456.42,348,Home,277.62,0.12,0
230,19,Female,Suburban,5,420.75,254,Books,595.09,0.47,0
231,45,Female,Suburban,3,357.6,324,Electronics,491.78,0.05,0
232,40,Male,Suburban,19,474.93,189,Electronics,137.68,0.13,0
233,54,Male,Rural,47,25.4,307,Clothing,246.33,0.26,0
234,49,Male,Suburban,46,370.74,344,Sports,295.23,0.28,0
235,50,Female,Suburban,26,171.82,126,Sports,924.69,0.01,0
236,18,Female,Rural,14,453.97,286,Sports,234.23,0.39,0
237,36,Female,Urban,5,140.67,253,Clothing,292.8,0.18,0
238,19,Female,Rural,46,365.18,212,Sports,372.51,0.2,0
239,61,Male,Urban,13,440.05,249,Books,665.42,0.4,0
240,43,Male,Rural,10,30.41,83,Clothing,122.65,0.19,0
241,49,Male,Rural,38,204.85,12,Books,954.18,0.02,0
242,23,Male,Suburban,8,383.53,44,Clothing,866.24,0.09,0
243,49,Female,Urban,25,232.91,126,Sports,579.33,0.48,0
244,21,Female,Suburban,15,140.95,113,Books,675.67,0.04,0
245,28,Male,Urban,4,117.7,275,Books,21.58,0.18,0
246,34,Male,Rural,9,74.44,204,Books,342.25,0.25,0
247,55,Female,Rural,49,429.99,336,Clothing,796.68,0.25,0
248,41,Male,Urban,2,291.92,272,Home,82.1,0.0,0
249,22,Female,Suburban,12,47.43,57,Sports,285.9,0.25,0
250,69,Male,Suburban,42,197.46,327,Books,587.37,0.19,0
251,51,Male,Suburban,48,190.19,218,Home,260.13,0.49,0
252,23,Male,Suburban,29,99.05,108,Sports,934.31,0.08,0
253,39,Male,Rural,44,223.4,278,Sports,135.4,0.18,0
254,28,Male,Rural,5,172.73,173,Books,798.41,0.21,0
255,65,Male,Rural,16,177.48,327,Books,510.41,0.2,0
256,33,Male,Rural,44,372.12,263,Clothing,751.58,0.33,0
257,50,Female,Rural,18,119.4,314,Home,314.16,0.11,0
258,26,Female,Suburban,41,324.51,110,Home,516.92,0.11,0
259,23,Female,Suburban,34,289.62,186,Books,857.55,0.36,0
260,33,Female,Suburban,45,288.37,268,Sports,469.54,0.25,0
261,46,Female,Suburban,25,334.87,228,Books,362.92,0.21,0
262,20,Male,Rural,4,278.71,155,Sports,538.47,0.08,0
263,37,Male,Rural,28,440.84,188,Sports,718.78,0.09,0
264,53,Female,Rural,36,341.03,271,Books,446.35,0.01,0
265,36,Male,Urban,19,278.01,1,Electronics,939.18,0.05,0
266,43,Female,Suburban,48,416.58,245,Home,298.47,0.28,1
267,20,Female,Suburban,20,307.01,209,Sports,478.09,0.45,0
268,36,Male,Rural,9,152.66,285,Sports,758.14,0.14,0
269,37,Male,Suburban,4,111.48,358,Electronics,690.68,0.16,0
270,49,Male,Suburban,35,84.64,12,Clothing,864.32,0.06,0
271,24,Female,Rural,5,450.73,95,Electronics,996.83,0.19,0
272,69,Male,Urban,25,357.97,220,Electronics,429.72,0.02,0
273,58,Female,Urban,3,469.32,237,Sports,115.6,0.46,0
274,50,Female,Urban,38,305.61,93,Home,35.26,0.34,1
275,57,Female,Rural,38,241.97,337,Electronics,728.24,0.5,0
276,56,Male,Suburban,49,39.26,268,Clothing,874.64,0.44,0
277,35,Male,Rural,34,339.1,170,Books,224.61,0.24,0
278,57,Female,Rural,0,295.28,93,Electronics,162.66,0.26,0
279,18,Male,Suburban,23,495.2,148,Electronics,66.89,0.1,1
280,28,Male,Urban,35,127.19,111,Clothing,823.59,0.23,0
281,45,Male,Urban,5,270.06,54,Home,314.83,0.45,0
282,42,Female,Rural,40,328.97,336,Electronics,404.69,0.03,0
283,67,Female,Urban,45,325.85,115,Electronics,505.24,0.43,0
284,40,Male,Rural,43,285.03,142,Home,840.26,0.17,0
285,48,Female,Rural,30,390.69,200,Clothing,652.58,0.45,0
286,47,Male,Suburban,19,110.44,179,Electronics,616.99,0.47,0
287,59,Male,Suburban,23,365.56,201,Home,179.79,0.34,0
288,52,Male,Suburban,24,313.67,363,Electronics,515.62,0.33,0
289,24,Male,Rural,35,449.08,52,Books,716.8,0.23,0
290,33,Female,Suburban,20,425.13,179,Sports,973.39,0.42,0
291,43,Female,Urban,29,164.42,312,Books,205.4,0.48,0
292,65,Female,Urban,23,145.36,307,Electronics,14.5,0.39,1
293,69,Male,Rural,43,491.01,136,Clothing,79.92,0.31,1
294,66,Male,Rural,41,268.36,181,Sports,378.97,0.3,0
295,19,Male,Suburban,29,454.15,0,Books,821.44,0.42,0
296,18,Female,Rural,21,90.3,43,Home,12.11,0.27,1
297,65,Male,Rural,27,324.98,226,Clothing,459.45,0.4,0
298,29,Female,Urban,6,406.83,330,Books,332.58,0.25,0
299,22,Female,Urban,34,474.22,97,Home,57.22,0.03,1
300,54,Female,Suburban,27,175.3,207,Electronics,452.99,0.19,0
301,49,Female,Rural,13,365.24,264,Home,258.47,0.22,0
302,26,Female,Rural,9,274.02,287,Books,355.13,0.07,0
303,58,Female,Urban,15,39.71,270,Books,707.09,0.05,0
304,52,Male,Rural,15,348.1,139,Electronics,523.94,0.27,0
305,36,Male,Urban,30,348.15,236,Home,129.02,0.04,0
306,65,Female,Suburban,41,466.0,71,Home,961.61,0.15,0
307,33,Female,Urban,24,253.68,154,Electronics,637.73,0.37,0
308,20,Male,Rural,12,122.82,189,Home,767.04,0.48,0
309,37,Female,Suburban,5,31.84,267,Electronics,83.82,0.36,0
310,41,Female,Urban,43,213.66,320,Clothing,51.82,0.5,1
311,50,Male,Urban,8,157.94,106,Books,24.35,0.35,1
312,41,Female,Suburban,44,382.93,231,Clothing,192.85,0.15,1
313,69,Female,Suburban,35,183.59,41,Sports,417.34,0.34,0
314,28,Female,Urban,42,475.04,189,Sports,936.15,0.35,0
315,66,Male,Rural,19,481.53,138,Sports,459.77,0.19,0
316,25,Male,Urban,17,314.25,102,Electronics,293.8,0.01,0
317,53,Male,Suburban,42,465.04,170,Home,564.13,0.35,0
318,55,Female,Urban,20,382.82,350,Clothing,116.37,0.01,0
319,57,Female,Suburban,3,277.96,272,Clothing,611.46,0.32,0
320,37,Male,Suburban,49,98.35,220,Clothing,570.59,0.08,0
321,52,Female,Rural,32,234.71,212,Clothing,793.03,0.28,0
322,65,Female,Suburban,26,284.83,340,Sports,986.75,0.25,0
323,42,Female,Suburban,6,433.34,55,Clothing,254.62,0.01,0
324,52,Female,Rural,5,245.85,341,Home,512.11,0.18,0
325,42,Female,Suburban,14,449.86,101,Sports,909.32,0.3,0
326,46,Male,Rural,17,340.43,191,Clothing,786.26,0.42,0
327,35,Female,Rural,31,77.13,309,Electronics,489.97,0.44,0
328,63,Male,Suburban,10,497.54,199,Books,945.64,0.24,0
329,35,Female,Suburban,19,268.34,232,Books,61.95,0.36,0
330,19,Male,Urban,23,202.01,226,Books,931.34,0.16,0
331,52,Female,Rural,14,332.97,138,Sports,55.25,0.17,0
332,33,Male,Urban,47,63.36,343,Clothing,549.57,0.1,0
333,58,Female,Suburban,6,321.9,304,Sports,890.99,0.28,0
334,53,Male,Urban,20,254.14,148,Home,266.41,0.16,0
335,50,Female,Rural,41,209.27,114,Electronics,474.89,0.04,0
336,21,Male,Urban,25,476.98,62,Electronics,327.71,0.34,0
337,50,Female,Rural,43,266.04,103,Books,952.38,0.35,0
338,31,Male,Suburban,13,117.37,338,Books,824.53,0.18,0
339,38,Male,Suburban,36,234.89,358,Books,710.46,0.04,0
340,65,Female,Rural,20,460.5,155,Clothing,589.69,0.21,0
341,37,Female,Suburban,17,96.29,272,Home,821.49,0.22,0
342,25,Male,Suburban,4,114.84,5,Home,395.31,0.33,0
343,24,Female,Suburban,2,16.38,146,Home,450.31,0.16,0
344,20,Male,Suburban,22,16.95,183,Home,731.35,0.34,0
345,34,Male,Rural,25,416.4,27,Books,360.97,0.44,0
346,50,Male,Urban,36,368.74,37,Electronics,68.58,0.12,1
347,65,Female,Urban,23,183.97,118,Books,78.96,0.49,1
348,29,Male,Suburban,48,352.17,292,Home,119.79,0.19,1
349,68,Male,Urban,18,203.65,243,Books,870.33,0.13,0
350,39,Female,Urban,24,476.92,67,Home,474.87,0.21,0
351,39,Female,Suburban,20,483.86,213,Sports,714.32,0.05,0
352,63,Female,Suburban,11,202.47,217,Electronics,395.94,0.06,0
353,47,Female,Urban,40,428.57,176,Sports,262.42,0.21,1
354,55,Male,Rural,32,388.81,298,Clothing,350.46,0.38,0
355,55,Male,Suburban,49,161.9,163,Books,795.21,0.45,0
356,62,Male,Rural,3,123.7,57,Clothing,627.09,0.33,0
357,68,Male,Urban,41,234.53,268,Books,937.95,0.05,0
358,25,Female,Suburban,6,392.86,307,Sports,681.31,0.34,0
359,44,Male,Rural,21,480.48,57,Home,572.33,0.32,0
360,44,Male,Suburban,32,384.15,287,Home,612.15,0.4,0
361,51,Female,Urban,16,429.05,104,Books,942.66,0.41,0
362,38,Male,Rural,23,305.5,227,Home,789.26,0.43,0
363,47,Male,Urban,33,419.35,246,Sports,28.92,0.21,1
364,50,Male,Urban,27,394.37,187,Home,536.47,0.35,0
365,45,Male,Suburban,42,194.72,82,Sports,689.9,0.13,0
366,64,Male,Rural,40,280.48,185,Clothing,749.95,0.5,0
367,50,Male,Urban,38,404.33,251,Sports,217.08,0.09,0
368,22,Female,Urban,21,32.57,354,Electronics,867.84,0.01,0
369,65,Female,Rural,48,405.96,237,Electronics,956.06,0.07,0
370,36,Male,Urban,16,97.17,359,Electronics,240.53,0.39,0
371,21,Male,Urban,33,262.19,183,Books,883.2,0.22,0
372,52,Female,Rural,5,406.05,283,Books,101.49,0.22,0
373,66,Male,Rural,45,134.37,209,Books,60.43,0.48,1
374,34,Male,Rural,5,130.45,303,Sports,133.58,0.46,0
375,61,Male,Rural,33,207.35,295,Books,62.45,0.16,0
376,45,Female,Suburban,0,448.37,96,Clothing,845.79,0.1,0
377,47,Male,Rural,9,10.22,207,Electronics,63.75,0.42,0
378,46,Female,Suburban,20,451.68,136,Sports,275.31,0.45,0
379,63,Male,Suburban,4,85.37,183,Electronics,108.24,0.27,0
380,23,Female,Suburban,1,495.14,75,Books,298.94,0.31,0
381,52,Female,Urban,21,477.88,286,Sports,95.11,0.13,0
382,58,Male,Suburban,47,252.39,141,Home,669.66,0.4,0
383,54,Female,Suburban,1,261.23,236,Clothing,137.66,0.32,0
384,41,Male,Urban,9,245.96,24,Books,852.59,0.25,0
385,46,Female,Urban,33,321.37,289,Books,818.11,0.03,0
386,66,Male,Urban,15,54.45,66,Clothing,18.59,0.46,1
387,63,Male,Rural,47,25.98,249,Clothing,896.25,0.31,0
388,48,Female,Urban,38,38.27,117,Home,33.8,0.1,0
389,52,Male,Urban,21,227.74,72,Books,243.45,0.3,0
390,50,Male,Suburban,11,145.02,281,Books,37.23,0.34,0
391,69,Female,Urban,23,314.8,359,Electronics,339.16,0.26,0
392,38,Male,Rural,46,496.3,9,Sports,516.3,0.36,1
393,49,Male,Urban,39,199.3,210,Sports,797.66,0.29,0
394,40,Female,Rural,37,291.18,322,Electronics,341.29,0.47,0
395,50,Female,Urban,9,213.65,151,Sports,706.96,0.03,0
396,20,Male,Urban,34,425.16,4,Clothing,191.57,0.05,1
397,35,Male,Urban,48,452.1,194,Sports,751.85,0.09,0
398,42,Female,Urban,31,439.9,282,Sports,239.82,0.35,0
399,59,Female,Rural,6,487.44,112,Electronics,147.83,0.32,0
400,48,Male,Rural,20,23.48,270,Home,189.48,0.45,0
401,20,Female,Suburban,19,421.51,162,Sports,186.15,0.37,0
402,57,Male,Rural,25,378.37,104,Sports,515.3,0.25,0
403,63,Male,Urban,3,122.06,180,Home,845.57,0.5,0
404,41,Male,Suburban,45,478.6,43,Electronics,84.21,0.13,1
405,67,Male,Suburban,21,82.61,281,Home,708.42,0.42,0
406,49,Male,Suburban,14,342.98,174,Electronics,656.07,0.21,0
407,64,Female,Urban,39,120.2,161,Clothing,873.16,0.32,0
408,39,Female,Rural,20,221.38,350,Electronics,247.93,0.36,0
409,40,Female,Urban,14,362.39,339,Clothing,452.86,0.32,0
410,19,Female,Suburban,21,286.03,139,Clothing,926.2,0.07,0
411,44,Male,Urban,27,219.48,131,Electronics,661.69,0.22,0
412,59,Male,Urban,13,169.91,86,Books,391.82,0.28,0
413,19,Male,Rural,26,421.43,175,Electronics,135.76,0.42,1
414,43,Male,Rural,40,80.47,182,Sports,266.17,0.22,0
415,34,Female,Suburban,39,220.75,128,Sports,583.31,0.46,0
416,57,Male,Urban,27,452.84,245,Books,719.58,0.22,0
417,50,Male,Urban,25,424.47,88,Clothing,128.8,0.27,1
418,26,Female,Rural,48,206.46,65,Books,601.6,0.4,0
419,60,Female,Urban,1,383.92,157,Sports,552.6,0.29,0
420,65,Female,Urban,24,413.35,148,Books,516.39,0.48,0
421,56,Female,Urban,2,445.55,339,Electronics,691.67,0.33,0
422,46,Male,Rural,7,276.81,115,Books,838.26,0.26,0
423,59,Male,Suburban,43,110.19,213,Clothing,326.37,0.01,0
424,43,Female,Suburban,32,135.1,293,Electronics,889.57,0.21,0
425,52,Male,Urban,41,154.89,252,Home,164.83,0.15,0
426,67,Male,Suburban,34,300.96,142,Sports,177.16,0.37,1
427,42,Male,Rural,5,26.08,249,Sports,270.44,0.1,0
428,41,Female,Rural,38,321.66,301,Books,123.93,0.1,0
429,30,Male,Suburban,22,188.53,24,Electronics,234.17,0.09,0
430,24,Female,Suburban,24,154.67,276,Home,110.88,0.06,0
431,53,Male,Urban,49,440.95,69,Electronics,822.64,0.16,0
432,62,Male,Suburban,42,235.4,112,Sports,143.27,0.44,1
433,37,Male,Urban,18,56.58,362,Electronics,748.56,0.39,0
434,18,Female,Urban,4,415.11,111,Home,52.67,0.37,0
435,25,Male,Rural,10,33.34,363,Books,948.78,0.4,0
436,63,Female,Rural,11,366.11,302,Clothing,712.6,0.13,0
437,33,Female,Rural,9,389.21,90,Electronics,11.76,0.44,1
438,31,Female,Rural,7,182.78,17,Clothing,765.04,0.07,0
439,29,Male,Suburban,23,414.15,148,Sports,516.51,0.17,0
440,68,Male,Rural,27,262.67,226,Books,780.47,0.29,0
441,40,Male,Suburban,40,237.01,213,Books,524.88,0.05,0
442,32,Male,Rural,35,32.25,359,Electronics,642.82,0.37,0
443,45,Female,Suburban,36,152.11,150,Books,787.4,0.19,0
444,51,Female,Urban,20,466.19,191,Electronics,408.08,0.39,0
445,19,Female,Suburban,7,201.99,39,Electronics,7.69,0.25,1
446,49,Male,Suburban,8,277.88,241,Clothing,850.7,0.09,0
447,40,Female,Rural,46,270.69,137,Books,383.99,0.37,0
448,39,Male,Suburban,14,299.31,344,Electronics,498.56,0.13,0
449,68,Female,Urban,47,40.05,179,Clothing,12.73,0.25,1
450,42,Male,Urban,45,187.47,199,Home,494.63,0.04,0
451,39,Male,Rural,39,364.33,202,Clothing,986.55,0.31,0
452,39,Female,Urban,17,108.27,60,Clothing,281.88,0.33,0
453,66,Female,Suburban,41,109.75,191,Electronics,398.44,0.19,0
454,69,Female,Urban,19,14.94,4,Sports,688.75,0.48,0
455,59,Female,Rural,5,224.37,236,Sports,815.72,0.44,0
456,23,Male,Suburban,11,442.54,180,Sports,420.3,0.35,0
457,32,Female,Rural,1,35.43,310,Clothing,313.12,0.36,0
458,60,Female,Suburban,6,103.65,36,Electronics,938.14,0.13,0
459,54,Female,Urban,15,161.94,55,Books,678.76,0.33,0
460,50,Male,Rural,2,368.55,236,Clothing,123.43,0.1,0
461,25,Male,Rural,44,323.91,357,Clothing,73.58,0.07,1
462,61,Female,Suburban,2,213.81,348,Electronics,486.13,0.5,0
463,61,Male,Rural,26,381.94,196,Home,223.99,0.31,0
464,22,Female,Suburban,49,308.72,72,Clothing,257.71,0.22,1
465,56,Male,Suburban,42,449.06,58,Home,878.3,0.14,0
466,21,Male,Suburban,39,410.83,239,Home,94.12,0.3,1
467,23,Male,Suburban,37,133.88,1,Sports,716.79,0.02,0
468,62,Male,Urban,32,143.0,359,Electronics,274.79,0.05,0
469,49,Female,Suburban,27,71.42,187,Home,761.53,0.02,0
470,69,Female,Rural,0,175.11,306,Electronics,723.8,0.25,0
471,47,Female,Urban,7,499.78,29,Sports,12.35,0.3,1
472,64,Male,Rural,36,208.82,266,Electronics,511.59,0.03,0
473,52,Female,Urban,31,118.04,107,Clothing,143.62,0.36,0
474,57,Female,Suburban,47,383.62,331,Home,866.9,0.12,0
475,69,Female,Urban,42,275.81,89,Electronics,872.23,0.34,0
476,33,Male,Urban,36,83.3,204,Books,421.25,0.49,0
477,30,Male,Rural,3,196.54,219,Electronics,447.17,0.35,0
478,67,Male,Rural,29,213.09,93,Home,306.77,0.44,0
479,59,Female,Suburban,5,379.38,102,Sports,718.02,0.47,0
480,47,Female,Urban,45,20.13,222,Sports,361.87,0.24,0
481,36,Female,Urban,18,141.82,185,Home,271.45,0.35,0
482,34,Male,Urban,31,263.62,183,Clothing,435.07,0.43,0
483,36,Male,Suburban,8,141.73,161,Clothing,96.03,0.18,0
484,45,Female,Suburban,11,317.93,246,Sports,747.87,0.13,0
485,43,Male,Suburban,10,246.12,30,Sports,17.53,0.47,1
486,54,Male,Suburban,45,187.24,51,Home,646.26,0.36,0
487,43,Male,Suburban,15,475.11,344,Clothing,186.95,0.11,0
488,40,Male,Rural,0,319.76,75,Sports,236.24,0.22,0
489,26,Female,Urban,44,73.67,277,Clothing,637.45,0.4,0
490,29,Male,Urban,20,284.44,39,Sports,992.98,0.27,0
491,18,Male,Urban,29,392.56,100,Electronics,778.83,0.32,0
492,18,Male,Urban,12,357.16,110,Books,229.71,0.38,0
493,64,Male,Urban,33,94.32,320,Electronics,180.14,0.31,0
494,51,Female,Urban,3,486.49,248,Sports,866.9,0.27,0
495,49,Female,Urban,27,229.92,190,Books,446.96,0.37,0
496,65,Male,Urban,37,87.92,181,Books,141.37,0.36,0
497,42,Male,Rural,30,98.3,334,Sports,862.9,0.31,0
498,57,Male,Urban,26,58.14,208,Sports,817.01,0.18,0
499,62,Male,Rural,4,403.72,21,Clothing,983.99,0.2,0
500,18,Male,Suburban,24,69.79,165,Sports,910.19,0.49,0
501,33,Male,Urban,2,71.31,98,Home,852.53,0.06,0
502,56,Female,Suburban,32,426.73,207,Sports,57.31,0.13,1
503,22,Male,Suburban,3,178.86,7,Home,108.89,0.25,0
504,39,Female,Suburban,24,25.12,189,Sports,571.14,0.42,0
505,46,Female,Rural,19,35.43,174,Clothing,533.82,0.08,0
506,20,Male,Suburban,33,79.66,272,Home,460.67,0.14,0
507,29,Female,Suburban,25,114.56,16,Electronics,399.81,0.03,0
508,43,Female,Suburban,4,335.92,89,Home,434.05,0.35,0
509,33,Female,Urban,34,87.09,140,Clothing,571.45,0.12,0
510,68,Female,Urban,27,68.25,144,Home,7.07,0.19,1
511,54,Female,Rural,28,384.71,165,Sports,264.41,0.22,0
512,39,Female,Rural,8,338.82,336,Sports,520.69,0.45,0
513,46,Male,Urban,37,223.31,77,Clothing,723.61,0.21,0
514,31,Female,Rural,49,279.16,261,Books,178.29,0.07,0
515,45,Female,Urban,5,162.87,162,Sports,549.15,0.26,0
516,22,Female,Suburban,18,246.43,13,Electronics,715.89,0.48,0
517,64,Male,Suburban,43,258.27,238,Clothing,447.4,0.3,0
518,66,Female,Rural,10,199.75,71,Home,31.95,0.49,1
519,47,Male,Urban,1,454.22,142,Home,452.02,0.42,0
520,63,Female,Urban,46,17.87,309,Electronics,299.96,0.02,0
521,69,Male,Rural,43,393.26,282,Sports,930.0,0.33,0
522,22,Male,Urban,43,70.95,268,Clothing,128.99,0.14,0
523,29,Female,Suburban,8,400.8,240,Electronics,654.21,0.28,0
524,33,Female,Rural,20,311.8,244,Sports,57.46,0.14,0
525,43,Male,Rural,23,423.21,162,Clothing,448.94,0.17,0
526,43,Female,Urban,33,57.78,59,Home,556.21,0.46,0
527,65,Male,Rural,21,283.9,5,Clothing,301.47,0.1,0
528,38,Male,Urban,2,255.53,196,Books,457.8,0.44,0
529,56,Male,Urban,11,356.03,57,Clothing,167.74,0.02,0
530,53,Male,Urban,27,271.8,304,Books,307.6,0.05,0
531,50,Male,Urban,29,274.96,216,Clothing,623.0,0.43,0
532,47,Female,Urban,25,220.5,25,Books,305.29,0.32,0
533,54,Male,Rural,47,161.33,302,Home,900.24,0.37,0
534,40,Male,Suburban,20,246.31,4,Sports,630.26,0.1,0
535,27,Female,Suburban,27,68.06,19,Books,441.46,0.27,0
536,22,Male,Rural,25,481.14,197,Books,43.56,0.37,1
537,53,Female,Rural,32,360.06,58,Home,502.05,0.31,0
538,51,Female,Suburban,20,476.71,241,Books,765.95,0.24,0
539,69,Female,Suburban,34,121.1,145,Electronics,269.23,0.48,0
540,48,Male,Suburban,33,440.88,272,Home,807.74,0.34,0
541,27,Male,Suburban,40,406.31,248,Electronics,255.55,0.45,1
542,36,Male,Suburban,46,341.8,13,Home,824.63,0.36,0
543,49,Female,Urban,17,316.26,12,Books,89.84,0.37,1
544,18,Male,Rural,10,165.11,43,Electronics,866.85,0.04,0
545,22,Female,Urban,22,410.04,18,Books,501.69,0.18,0
546,62,Male,Suburban,47,255.74,62,Home,300.05,0.43,0
547,21,Female,Suburban,21,44.74,238,Books,268.79,0.12,0
548,33,Male,Suburban,16,163.3,336,Electronics,434.85,0.06,0
549,41,Male,Urban,4,468.3,99,Electronics,999.05,0.16,0
550,33,Male,Urban,43,426.83,162,Books,224.23,0.11,1
551,19,Female,Suburban,10,491.13,121,Clothing,107.7,0.46,1
552,66,Female,Urban,29,317.72,43,Home,587.11,0.43,0
553,45,Male,Urban,14,131.28,359,Home,491.1,0.25,0
554,49,Male,Suburban,26,89.78,316,Books,526.58,0.03,0
555,44,Female,Urban,34,101.59,144,Clothing,668.6,0.36,0
556,37,Female,Rural,32,19.7,326,Electronics,270.81,0.31,0
557,41,Female,Rural,19,201.43,362,Sports,911.11,0.49,0
558,29,Male,Rural,15,103.8,49,Sports,438.49,0.28,0
559,67,Female,Rural,33,211.71,64,Books,133.44,0.17,1
560,52,Male,Suburban,1,468.15,354,Clothing,743.59,0.26,0
561,50,Female,Suburban,34,220.96,287,Clothing,644.89,0.49,0
562,50,Male,Suburban,39,440.21,163,Home,319.16,0.35,1
563,68,Female,Rural,27,306.7,140,Electronics,623.41,0.34,0
564,60,Female,Rural,46,131.09,313,Clothing,223.76,0.12,0
565,54,Female,Urban,38,184.37,127,Sports,447.62,0.37,0
566,29,Female,Urban,5,51.12,238,Electronics,899.92,0.38,0
567,20,Female,Rural,8,173.4,323,Electronics,137.87,0.16,0
568,18,Male,Rural,19,342.0,295,Books,389.76,0.24,0
569,50,Female,Rural,0,45.33,186,Clothing,822.04,0.15,0
570,57,Female,Rural,7,110.65,207,Books,969.64,0.13,0
571,27,Female,Urban,22,196.91,219,Clothing,456.66,0.01,0
572,60,Male,Rural,2,491.2,189,Home,509.46,0.14,0
573,61,Female,Urban,3,394.58,345,Books,574.31,0.28,0
574,46,Male,Rural,24,369.41,283,Books,932.69,0.0,0
575,30,Female,Rural,46,66.93,351,Sports,858.92,0.14,0
576,29,Female,Rural,37,392.69,236,Books,174.75,0.44,1
577,48,Male,Urban,14,394.78,193,Clothing,439.57,0.3,0
578,63,Female,Urban,20,304.54,286,Sports,466.68,0.3,0
579,19,Male,Suburban,34,495.28,258,Books,790.15,0.2,0
580,68,Male,Rural,45,169.37,245,Books,604.88,0.34,0
581,67,Female,Suburban,13,471.22,135,Home,655.95,0.09,0
582,52,Male,Suburban,35,458.22,279,Books,998.21,0.41,0
583,40,Female,Urban,11,15.63,270,Electronics,79.59,0.06,0
584,34,Female,Urban,16,230.56,170,Sports,226.89,0.33,0
585,43,Male,Suburban,38,488.78,158,Electronics,410.86,0.17,0
586,25,Male,Rural,8,60.53,200,Sports,351.04,0.37,0
587,46,Male,Urban,34,278.41,44,Home,26.54,0.27,1
588,43,Male,Rural,12,489.69,263,Books,96.32,0.23,0
589,27,Female,Rural,14,282.19,70,Books,682.55,0.08,0
590,43,Female,Suburban,17,103.01,363,Books,879.93,0.32,0
591,51,Male,Suburban,32,295.27,102,Sports,516.66,0.49,0
592,68,Female,Suburban,5,110.18,124,Books,541.5,0.41,0
593,58,Female,Suburban,26,264.66,312,Electronics,258.82,0.03,0
594,24,Female,Urban,22,46.28,285,Books,769.04,0.19,0
595,21,Female,Urban,26,306.69,229,Home,753.04,0.46,0
596,67,Male,Suburban,33,263.23,145,Electronics,590.42,0.25,0
597,62,Male,Urban,45,372.68,196,Books,216.6,0.33,1
598,28,Female,Suburban,37,319.04,220,Books,101.53,0.46,1
599,46,Male,Rural,13,279.31,59,Clothing,68.92,0.44,1
600,53,Male,Rural,35,347.99,97,Sports,594.73,0.25,0
601,42,Male,Rural,7,80.53,170,Electronics,825.91,0.22,0
602,38,Female,Suburban,34,301.73,172,Clothing,859.04,0.17,0
603,53,Female,Rural,18,94.33,150,Home,466.3,0.36,0
604,27,Female,Urban,29,463.51,349,Sports,785.35,0.14,0
605,54,Male,Rural,13,43.48,121,Electronics,947.15,0.12,0
606,26,Female,Rural,19,220.88,107,Books,278.79,0.18,0
607,41,Female,Rural,48,350.94,3,Electronics,400.97,0.09,0
608,52,Male,Urban,24,234.43,92,Books,931.82,0.35,0
609,66,Female,Suburban,39,55.13,5,Sports,341.54,0.31,0
610,52,Female,Urban,23,281.16,287,Books,914.31,0.24,0
611,65,Male,Suburban,13,324.4,105,Home,981.14,0.2,0
612,53,Male,Suburban,25,354.86,145,Books,663.5,0.45,0
613,35,Male,Rural,37,192.9,270,Home,817.81,0.01,0
614,66,Female,Suburban,22,286.19,95,Sports,750.8,0.38,0
615,56,Female,Urban,21,230.84,228,Sports,701.04,0.45,0
616,49,Female,Urban,47,339.31,201,Electronics,310.4,0.22,0
617,41,Male,Suburban,18,295.94,211,Home,61.81,0.28,0
618,40,Male,Rural,45,267.62,5,Home,346.34,0.47,0
619,49,Female,Rural,2,132.27,111,Clothing,668.6,0.11,0
620,54,Female,Urban,41,10.99,322,Clothing,107.02,0.26,0
621,29,Male,Rural,18,95.3,105,Clothing,16.86,0.24,1
622,66,Male,Suburban,8,67.36,138,Books,143.99,0.13,0
623,30,Male,Suburban,27,230.05,298,Clothing,717.16,0.41,0
624,40,Male,Urban,19,310.01,95,Home,972.93,0.45,0
625,42,Female,Suburban,44,114.41,336,Books,983.15,0.39,0
626,52,Male,Urban,6,470.14,296,Sports,496.51,0.1,0
627,58,Female,Suburban,13,13.27,213,Electronics,870.01,0.04,0
628,47,Female,Urban,8,388.43,290,Clothing,738.14,0.3,0
629,34,Female,Rural,18,316.35,21,Sports,503.54,0.03,0
630,66,Male,Suburban,46,193.04,192,Home,574.9,0.34,0
631,37,Male,Suburban,13,34.74,149,Electronics,141.54,0.27,0
632,65,Male,Urban,37,317.47,246,Sports,937.97,0.33,0
633,42,Male,Urban,35,198.95,266,Electronics,355.17,0.3,0
634,39,Female,Suburban,39,468.77,250,Clothing,448.92,0.21,0
635,30,Male,Urban,16,275.58,2,Home,673.3,0.1,0
636,36,Male,Suburban,29,470.43,315,Electronics,337.23,0.15,0
637,66,Female,Rural,8,118.04,75,Sports,257.99,0.26,0
638,53,Male,Urban,32,365.61,86,Clothing,632.89,0.33,0
639,29,Female,Suburban,24,312.45,269,Clothing,29.86,0.39,1
640,58,Female,Rural,13,372.31,224,Sports,722.12,0.38,0
641,36,Female,Rural,10,115.19,17,Sports,516.45,0.49,0
642,29,Female,Suburban,34,335.85,112,Electronics,607.72,0.14,0
643,26,Female,Urban,40,254.04,250,Books,633.72,0.04,0
644,24,Female,Suburban,13,373.98,232,Clothing,529.41,0.17,0
645,45,Female,Rural,29,170.25,328,Electronics,584.62,0.37,0
646,31,Female,Suburban,40,446.13,278,Sports,685.37,0.22,0
647,48,Male,Urban,3,51.31,201,Electronics,754.35,0.41,0
648,69,Male,Rural,3,405.52,82,Sports,728.82,0.27,0
649,36,Male,Suburban,27,432.05,124,Home,870.27,0.46,0
650,64,Male,Urban,7,410.45,174,Sports,193.5,0.47,0
651,33,Female,Rural,1,261.24,68,Sports,404.14,0.03,0
652,22,Male,Urban,40,224.81,46,Sports,948.06,0.23,0
653,52,Female,Rural,45,498.17,255,Books,399.61,0.3,0
654,29,Male,Suburban,21,122.29,214,Sports,129.25,0.13,0
655,42,Male,Urban,40,277.97,29,Clothing,527.82,0.2,0
656,69,Male,Rural,15,338.63,280,Clothing,113.94,0.34,0
657,38,Female,Urban,28,353.43,236,Electronics,206.84,0.11,0
658,53,Male,Urban,48,109.97,247,Books,998.33,0.3,0
659,40,Female,Suburban,47,330.46,24,Electronics,543.66,0.35,0
660,33,Female,Urban,29,411.0,73,Clothing,287.64,0.05,0
661,56,Male,Rural,11,34.51,205,Clothing,994.8,0.25,0
662,62,Male,Rural,34,456.65,313,Home,966.73,0.13,0
663,59,Male,Rural,10,24.46,93,Sports,443.54,0.36,0
664,56,Female,Rural,45,184.43,126,Clothing,264.1,0.09,0
665,31,Male,Suburban,49,17.75,24,Electronics,839.21,0.45,0
666,48,Female,Urban,20,47.8,333,Electronics,717.04,0.22,0
667,22,Female,Suburban,20,456.47,354,Sports,688.51,0.1,0
668,52,Male,Urban,4,183.88,115,Sports,893.65,0.22,0
669,40,Male,Urban,47,218.14,47,Home,690.97,0.2,0
670,46,Female,Urban,19,115.52,225,Books,287.38,0.21,0
671,60,Female,Suburban,36,302.58,265,Electronics,695.39,0.29,0
672,28,Female,Urban,2,301.45,98,Sports,309.28,0.26,0
673,35,Male,Suburban,43,192.38,10,Electronics,760.44,0.07,0
674,64,Female,Rural,32,173.19,84,Sports,621.65,0.03,0
675,29,Male,Rural,8,443.63,213,Clothing,82.02,0.36,0
676,26,Female,Urban,8,197.81,172,Electronics,515.27,0.28,0
677,27,Female,Suburban,3,251.82,208,Clothing,346.58,0.18,0
678,61,Male,Rural,34,148.82,63,Electronics,331.93,0.4,0
679,34,Female,Suburban,16,395.52,257,Books,604.25,0.19,0
680,55,Male,Suburban,33,204.75,331,Home,325.71,0.4,0
681,24,Male,Urban,23,261.67,120,Clothing,778.01,0.15,0
682,63,Female,Rural,31,134.15,297,Sports,75.44,0.04,0
683,30,Male,Urban,0,493.95,53,Books,662.09,0.47,0
684,57,Male,Urban,7,152.83,330,Electronics,810.15,0.2,0
685,59,Female,Rural,44,387.66,271,Clothing,674.47,0.4,0
686,26,Male,Rural,22,219.47,240,Electronics,499.74,0.14,0
687,67,Male,Suburban,46,111.05,242,Electronics,950.56,0.32,0
688,44,Male,Rural,39,401.86,17,Electronics,303.44,0.44,1
689,19,Female,Suburban,11,173.47,186,Home,24.07,0.02,0
690,22,Male,Suburban,11,433.94,345,Home,434.83,0.42,0
691,46,Female,Suburban,45,458.48,143,Sports,37.85,0.29,1
692,54,Female,Rural,46,431.31,261,Clothing,954.17,0.3,0
693,55,Male,Urban,14,27.15,363,Books,213.87,0.26,0
694,36,Male,Suburban,40,395.81,238,Books,789.98,0.44,0
695,25,Male,Urban,18,211.56,303,Books,775.7,0.02,0
696,65,Female,Urban,25,438.12,297,Electronics,221.64,0.13,0
697,62,Male,Rural,28,322.6,75,Home,623.12,0.44,0
698,18,Male,Urban,21,418.49,187,Clothing,52.84,0.38,1
699,39,Male,Urban,39,254.72,332,Electronics,486.16,0.01,0
700,69,Male,Rural,20,272.16,245,Home,19.57,0.26,1
701,34,Male,Suburban,37,80.75,129,Home,921.54,0.26,0
702,24,Female,Urban,19,394.15,314,Clothing,976.21,0.2,0
703,42,Female,Rural,28,215.5,282,Clothing,226.17,0.15,0
704,62,Male,Urban,3,255.04,78,Clothing,212.07,0.34,0
705,21,Male,Urban,6,394.7,71,Electronics,754.95,0.1,0
706,53,Male,Suburban,27,303.43,262,Sports,257.11,0.4,0
707,23,Male,Urban,27,108.54,190,Clothing,895.6,0.4,0
708,48,Female,Rural,3,299.21,62,Sports,576.06,0.21,0
709,36,Male,Urban,21,209.74,11,Electronics,354.02,0.14,0
710,61,Female,Suburban,11,240.07,140,Sports,833.53,0.14,0
711,56,Female,Suburban,44,23.87,253,Books,495.94,0.24,0
712,44,Male,Rural,2,112.91,42,Sports,912.07,0.36,0
713,27,Female,Suburban,21,147.71,16,Clothing,928.37,0.18,0
714,43,Female,Urban,43,359.35,62,Electronics,169.59,0.31,1
715,36,Female,Suburban,1,15.63,252,Clothing,7.31,0.19,0
716,56,Female,Rural,23,210.3,291,Books,984.01,0.15,0
717,20,Male,Suburban,33,462.77,7,Clothing,906.61,0.01,0
718,62,Male,Suburban,26,64.82,324,Clothing,60.17,0.0,0
719,30,Female,Suburban,40,263.05,89,Clothing,833.87,0.11,0
720,67,Male,Rural,0,395.4,207,Home,460.52,0.2,0
721,45,Male,Suburban,7,471.84,291,Books,262.67,0.43,0
722,37,Male,Suburban,22,375.92,283,Clothing,879.35,0.4,0
723,45,Male,Urban,37,363.08,117,Clothing,200.68,0.13,1
724,25,Male,Rural,5,414.98,348,Clothing,947.56,0.12,0
725,58,Female,Suburban,21,228.64,174,Electronics,209.59,0.11,0
726,56,Male,Rural,24,404.86,75,Home,615.61,0.17,0
727,18,Male,Suburban,17,13.9,100,Electronics,226.97,0.25,0
728,20,Male,Suburban,16,463.03,150,Home,547.94,0.22,0
729,30,Male,Suburban,11,227.22,269,Clothing,685.56,0.11,0
730,45,Female,Urban,5,281.16,70,Books,194.28,0.07,0
731,66,Female,Urban,25,134.89,179,Sports,523.28,0.01,0
732,42,Female,Urban,26,373.84,123,Sports,471.71,0.08,0
733,50,Female,Rural,7,47.55,292,Clothing,75.68,0.35,0
734,55,Male,Rural,18,437.59,284,Electronics,819.22,0.12,0
735,23,Female,Urban,41,415.78,194,Books,339.0,0.23,0
736,61,Male,Rural,0,115.87,227,Home,576.71,0.3,0
737,62,Male,Suburban,28,406.57,274,Clothing,517.21,0.44,0
738,49,Male,Suburban,44,395.32,105,Books,515.69,0.44,0
739,62,Male,Suburban,48,319.79,20,Books,111.69,0.37,1
740,64,Male,Urban,34,193.02,63,Home,426.36,0.02,0
741,38,Female,Rural,39,143.03,164,Books,455.1,0.29,0
742,33,Female,Urban,13,123.57,26,Electronics,734.97,0.39,0
743,38,Female,Rural,34,166.12,310,Electronics,840.82,0.01,0
744,28,Female,Suburban,47,452.74,284,Electronics,547.26,0.27,0
745,54,Male,Urban,44,48.04,147,Books,91.35,0.43,0
746,53,Female,Rural,19,416.15,280,Electronics,240.67,0.24,0
747,52,Male,Rural,48,180.96,325,Home,169.11,0.0,0
748,36,Female,Suburban,12,265.58,318,Books,128.99,0.01,0
749,37,Male,Urban,37,399.3,163,Sports,369.07,0.21,0
750,35,Male,Urban,48,443.34,223,Books,233.25,0.08,1
751,64,Female,Urban,45,178.94,271,Home,222.21,0.33,0
752,58,Male,Suburban,48,236.3,145,Sports,59.42,0.35,1
753,66,Male,Urban,7,213.11,355,Books,22.58,0.09,0
754,31,Female,Suburban,42,16.49,29,Electronics,107.25,0.44,0
755,32,Male,Suburban,19,155.01,44,Clothing,176.34,0.22,0
756,48,Female,Suburban,32,235.0,274,Clothing,433.83,0.07,0
757,18,Female,Rural,25,211.44,33,Electronics,512.97,0.38,0
758,20,Female,Urban,38,363.75,140,Clothing,144.89,0.39,1
759,33,Male,Urban,20,198.55,317,Clothing,427.66,0.32,0
760,40,Male,Suburban,48,249.79,220,Electronics,345.04,0.43,0
761,28,Male,Suburban,41,220.51,355,Electronics,187.51,0.37,0
762,29,Female,Urban,42,372.91,21,Books,11.81,0.44,1
763,27,Male,Suburban,40,432.86,179,Books,469.68,0.22,0
764,49,Female,Urban,8,270.63,328,Electronics,687.22,0.37,0
765,33,Female,Rural,23,396.82,230,Home,230.15,0.5,0
766,25,Male,Suburban,36,155.43,37,Clothing,136.15,0.36,1
767,55,Female,Urban,48,275.27,69,Books,887.61,0.06,0
768,29,Male,Suburban,40,179.16,115,Clothing,278.65,0.26,0
769,41,Male,Urban,16,212.96,238,Sports,227.49,0.29,0
770,45,Male,Urban,23,368.88,334,Electronics,857.81,0.09,0
771,25,Male,Suburban,20,442.01,147,Home,818.02,0.48,0
772,45,Male,Rural,38,69.53,8,Sports,451.1,0.09,0
773,53,Female,Urban,40,320.97,287,Sports,491.79,0.09,0
774,43,Female,Urban,38,295.25,49,Sports,221.66,0.46,1
775,25,Female,Urban,12,68.02,337,Electronics,82.91,0.23,0
776,67,Male,Rural,10,113.83,4,Books,575.56,0.03,0
777,45,Male,Rural,45,162.39,342,Electronics,102.85,0.3,0
778,45,Male,Suburban,18,91.8,125,Books,452.03,0.3,0
779,54,Female,Rural,10,129.43,74,Sports,940.79,0.03,0
780,58,Male,Suburban,12,141.12,164,Sports,953.07,0.49,0
781,53,Female,Suburban,45,174.48,277,Home,243.14,0.27,0
782,44,Female,Rural,44,377.2,323,Books,625.99,0.28,0
783,34,Male,Suburban,0,290.24,299,Sports,476.71,0.26,0
784,26,Male,Rural,39,493.26,289,Clothing,876.31,0.31,0
785,50,Female,Suburban,43,213.22,76,Home,275.07,0.13,0
786,37,Male,Rural,18,379.39,297,Electronics,8.68,0.14,0
787,30,Female,Rural,11,437.02,136,Home,166.75,0.26,0
788,45,Male,Suburban,7,342.7,105,Clothing,352.78,0.4,0
789,65,Male,Urban,7,211.81,94,Books,319.14,0.02,0
790,46,Female,Suburban,44,379.26,134,Electronics,792.41,0.3,0
791,30,Male,Rural,11,109.8,67,Electronics,682.16,0.4,0
792,63,Female,Urban,47,170.5,146,Books,303.06,0.08,0
793,52,Male,Suburban,32,277.88,158,Home,460.46,0.01,0
794,23,Female,Suburban,44,291.95,162,Sports,100.08,0.16,1
795,35,Female,Suburban,25,20.85,340,Home,898.66,0.29,0
796,68,Male,Urban,38,473.11,188,Clothing,935.75,0.07,0
797,22,Female,Rural,27,351.35,338,Sports,979.9,0.21,0
798,64,Male,Suburban,4,252.89,94,Home,869.21,0.28,0
799,42,Male,Suburban,7,467.23,180,Books,178.09,0.3,0
800,19,Male,Suburban,24,225.16,287,Clothing,50.97,0.14,0
801,27,Female,Suburban,26,490.41,321,Clothing,581.7,0.2,0
802,47,Female,Suburban,45,261.02,186,Clothing,913.04,0.39,0
803,67,Male,Rural,22,66.0,137,Sports,181.46,0.47,0
804,62,Male,Rural,29,384.75,129,Electronics,12.01,0.43,1
805,22,Female,Suburban,44,342.66,193,Sports,806.47,0.28,0
806,50,Male,Urban,46,388.76,315,Home,81.41,0.21,1
807,18,Male,Rural,22,476.21,272,Electronics,416.64,0.17,0
808,35,Female,Urban,48,390.48,351,Home,680.49,0.06,0
809,49,Male,Rural,46,309.55,143,Electronics,240.61,0.05,0
810,64,Female,Suburban,19,430.08,15,Sports,88.54,0.34,1
811,66,Male,Rural,17,339.89,301,Clothing,771.17,0.13,0
812,28,Female,Suburban,17,209.98,244,Books,632.02,0.13,0
813,38,Male,Rural,1,443.95,106,Clothing,988.55,0.5,0
814,43,Male,Suburban,3,118.73,87,Sports,347.59,0.09,0
815,42,Female,Suburban,29,360.17,128,Electronics,66.45,0.07,1
816,39,Male,Suburban,32,441.97,340,Clothing,735.68,0.05,0
817,44,Female,Suburban,35,368.35,3,Sports,524.12,0.29,0
818,66,Male,Urban,17,351.66,326,Home,217.14,0.31,0
819,30,Female,Suburban,36,378.79,305,Books,782.82,0.18,0
820,50,Female,Urban,18,237.88,94,Clothing,207.74,0.27,0
821,51,Female,Urban,46,438.34,208,Electronics,264.36,0.39,1
822,58,Female,Suburban,27,109.68,224,Home,97.07,0.41,0
823,52,Male,Urban,39,72.42,347,Sports,402.44,0.48,0
824,18,Male,Rural,19,149.9,320,Books,421.83,0.41,0
825,38,Female,Suburban,48,270.47,46,Electronics,516.99,0.28,0
826,65,Female,Urban,32,260.18,180,Sports,710.42,0.09,0
827,23,Female,Suburban,11,412.09,105,Sports,906.57,0.05,0
828,45,Male,Suburban,14,208.24,198,Clothing,142.05,0.03,0
829,34,Male,Suburban,40,247.33,105,Clothing,59.08,0.33,1
830,22,Male,Urban,38,16.55,279,Electronics,23.44,0.4,0
831,48,Male,Rural,1,210.77,259,Sports,147.9,0.25,0
832,22,Female,Rural,28,327.41,107,Clothing,659.66,0.03,0
833,55,Female,Urban,40,17.6,18,Books,728.84,0.27,0
834,20,Female,Suburban,9,147.63,295,Books,787.57,0.47,0
835,40,Male,Urban,1,111.9,305,Sports,247.49,0.3,0
836,54,Male,Urban,10,30.57,170,Clothing,309.37,0.4,0
837,54,Male,Urban,12,244.84,330,Electronics,485.72,0.4,0
838,27,Female,Suburban,9,99.04,194,Electronics,67.87,0.47,0
839,27,Female,Urban,13,374.11,11,Electronics,613.09,0.39,0
840,36,Male,Suburban,17,425.48,194,Books,983.82,0.37,0
841,34,Female,Urban,8,277.34,282,Clothing,364.0,0.12,0
842,38,Male,Rural,38,491.04,181,Clothing,754.08,0.03,0
843,31,Male,Urban,27,230.73,304,Books,502.53,0.26,0
844,26,Female,Urban,2,261.55,143,Electronics,132.17,0.06,0
845,63,Male,Rural,19,494.72,315,Electronics,584.33,0.48,0
846,18,Female,Suburban,5,123.46,181,Sports,303.37,0.14,0
847,68,Male,Suburban,26,471.85,29,Home,39.23,0.43,1
848,62,Female,Urban,1,30.99,83,Clothing,636.76,0.19,0
849,30,Female,Rural,28,228.73,165,Clothing,859.64,0.16,0
850,21,Female,Suburban,37,44.3,283,Clothing,348.05,0.47,0
851,18,Male,Urban,2,367.33,280,Home,393.34,0.18,0
852,66,Male,Rural,15,308.12,95,Sports,891.57,0.2,0
853,57,Female,Suburban,29,356.25,265,Home,814.54,0.05,0
854,49,Female,Suburban,39,193.5,297,Electronics,716.38,0.34,0
855,51,Male,Rural,1,191.05,295,Electronics,252.55,0.14,0
856,45,Male,Rural,16,32.21,224,Clothing,910.67,0.29,0
857,48,Male,Rural,40,181.47,332,Books,158.64,0.3,0
858,25,Female,Rural,11,465.35,360,Clothing,628.64,0.36,0
859,56,Male,Urban,34,195.82,41,Books,33.66,0.37,1
860,43,Male,Rural,42,417.37,302,Home,645.5,0.26,0
861,51,Female,Suburban,0,422.74,245,Electronics,280.76,0.17,0
862,20,Male,Suburban,44,192.89,207,Books,452.43,0.42,0
863,67,Male,Urban,14,319.67,236,Home,348.54,0.15,0
864,29,Male,Suburban,25,56.73,21,Electronics,176.89,0.25,0
865,18,Female,Suburban,36,60.8,184,Books,623.87,0.2,0
866,61,Female,Rural,20,33.84,241,Clothing,882.57,0.43,0
867,22,Female,Suburban,48,294.7,362,Clothing,959.29,0.22,0
868,47,Female,Urban,30,218.77,282,Clothing,196.38,0.19,0
869,47,Female,Rural,24,278.54,40,Home,718.79,0.34,0
870,34,Female,Rural,22,265.33,335,Clothing,666.02,0.3,0
871,65,Female,Urban,23,181.6,161,Sports,346.66,0.05,0
872,64,Male,Rural,37,341.96,159,Electronics,24.0,0.25,1
873,40,Male,Rural,27,381.67,88,Home,691.34,0.37,0
874,32,Female,Urban,20,17.17,321,Clothing,945.77,0.5,0
875,54,Male,Rural,42,111.55,11,Electronics,633.96,0.31,0
876,38,Male,Urban,17,359.49,72,Books,438.12,0.19,0
877,31,Female,Urban,35,199.44,75,Clothing,527.53,0.11,0
878,19,Male,Suburban,34,334.62,345,Electronics,203.63,0.44,0
879,28,Male,Suburban,44,180.01,200,Sports,751.79,0.41,0
880,68,Male,Rural,8,201.47,9,Books,747.69,0.12,0
881,56,Male,Rural,37,87.75,351,Sports,149.79,0.1,0
882,55,Male,Urban,29,136.53,225,Electronics,878.59,0.36,0
883,51,Female,Rural,43,306.65,175,Sports,272.84,0.16,0
884,55,Female,Urban,33,222.25,275,Electronics,982.34,0.15,0
885,67,Female,Urban,31,389.41,38,Electronics,385.99,0.08,0
886,51,Male,Rural,2,427.77,59,Sports,181.99,0.13,0
887,35,Female,Urban,2,275.41,65,Electronics,354.96,0.21,0
888,47,Male,Suburban,27,381.55,320,Clothing,442.98,0.37,0
889,32,Male,Rural,43,160.38,123,Electronics,73.96,0.17,1
890,44,Male,Suburban,14,213.34,163,Home,580.33,0.16,0
891,68,Male,Rural,40,359.26,158,Electronics,599.64,0.14,0
892,51,Female,Urban,22,199.24,56,Home,740.24,0.24,0
893,69,Female,Rural,39,298.37,77,Electronics,34.02,0.09,1
894,55,Male,Suburban,10,100.83,193,Electronics,543.53,0.24,0
895,50,Female,Urban,47,303.89,284,Sports,57.64,0.35,1
896,41,Male,Rural,31,432.14,14,Clothing,702.64,0.01,0
897,32,Female,Rural,35,435.63,11,Clothing,60.45,0.0,1
898,47,Female,Rural,32,364.93,100,Books,912.17,0.04,0
899,59,Male,Suburban,23,375.42,155,Sports,703.57,0.27,0
900,68,Female,Suburban,38,283.38,339,Sports,509.85,0.43,0
901,34,Male,Rural,33,296.49,124,Clothing,444.3,0.0,0
902,22,Female,Urban,27,75.49,358,Sports,135.02,0.47,0
903,46,Male,Urban,36,227.49,279,Clothing,294.54,0.05,0
904,21,Male,Suburban,6,230.88,109,Sports,869.61,0.42,0
905,27,Female,Urban,3,479.66,333,Electronics,904.93,0.24,0
906,34,Female,Suburban,36,221.23,356,Clothing,5.74,0.33,1
907,27,Male,Rural,0,279.18,145,Clothing,596.17,0.26,0
908,34,Female,Suburban,0,271.29,215,Home,720.7,0.24,0
909,37,Female,Suburban,46,322.01,161,Sports,620.65,0.42,0
910,41,Male,Rural,19,376.63,127,Sports,86.27,0.38,1
911,22,Male,Urban,18,120.27,313,Clothing,221.64,0.24,0
912,51,Female,Suburban,28,269.07,331,Electronics,254.09,0.06,0
913,23,Male,Suburban,9,414.7,149,Electronics,832.57,0.06,0
914,19,Male,Rural,17,236.93,35,Electronics,465.88,0.4,0
915,30,Male,Urban,27,146.44,172,Sports,489.39,0.26,0
916,60,Female,Suburban,34,330.81,21,Home,935.22,0.24,0
917,60,Female,Rural,42,413.65,205,Clothing,638.9,0.34,0
918,65,Male,Suburban,46,40.94,126,Books,899.17,0.43,0
919,28,Female,Rural,30,390.63,335,Home,459.23,0.31,0
920,68,Male,Urban,26,412.61,355,Books,153.69,0.38,0
921,64,Female,Urban,10,236.15,216,Home,930.29,0.38,0
922,40,Male,Urban,48,491.82,95,Electronics,461.41,0.18,0
923,33,Male,Urban,48,395.49,163,Sports,185.72,0.14,1
924,48,Female,Suburban,37,389.09,147,Books,305.88,0.4,0
925,28,Male,Suburban,4,376.44,17,Home,55.55,0.19,1
926,33,Female,Urban,7,83.8,293,Sports,470.96,0.45,0
927,25,Female,Urban,33,116.44,194,Books,853.86,0.03,0
928,21,Male,Urban,47,237.36,150,Clothing,933.91,0.03,0
929,57,Male,Suburban,11,139.36,364,Home,932.94,0.46,0
930,21,Female,Urban,37,213.47,122,Clothing,129.6,0.32,1
931,42,Male,Urban,0,445.35,186,Electronics,385.14,0.19,0
932,20,Male,Urban,30,413.92,148,Clothing,33.09,0.38,1
933,49,Male,Rural,3,318.72,103,Clothing,855.89,0.34,0
934,20,Male,Urban,48,430.48,242,Home,361.96,0.27,0
935,44,Male,Rural,44,394.05,230,Electronics,632.96,0.05,0
936,46,Female,Rural,49,220.2,205,Clothing,716.32,0.41,0
937,49,Female,Urban,4,108.52,197,Sports,432.7,0.43,0
938,67,Male,Rural,29,261.96,336,Books,309.91,0.09,0
939,68,Male,Urban,23,370.75,86,Clothing,962.4,0.43,0
940,36,Male,Suburban,2,223.85,141,Electronics,964.67,0.44,0
941,38,Female,Suburban,10,336.72,316,Clothing,292.99,0.27,0
942,22,Male,Suburban,44,56.22,198,Books,482.23,0.33,0
943,35,Female,Suburban,3,376.52,45,Electronics,972.98,0.19,0
944,45,Female,Rural,25,408.23,287,Home,9.84,0.14,1
945,59,Female,Urban,26,356.35,14,Electronics,415.61,0.36,0
946,39,Male,Urban,45,483.96,43,Home,104.96,0.43,1
947,38,Female,Urban,42,415.06,168,Electronics,511.61,0.33,0
948,23,Male,Suburban,26,452.52,309,Books,29.55,0.26,1
949,18,Female,Suburban,41,467.45,43,Books,409.86,0.08,0
950,22,Male,Urban,49,402.66,97,Electronics,224.6,0.03,1
951,58,Female,Suburban,5,340.39,260,Clothing,535.64,0.22,0
952,29,Male,Urban,14,12.8,108,Books,996.01,0.02,0
953,43,Female,Urban,29,238.25,282,Home,801.53,0.28,0
954,63,Male,Urban,41,289.87,342,Home,846.41,0.19,0
955,51,Male,Urban,36,158.97,103,Sports,637.09,0.38,0
956,66,Male,Urban,36,165.87,255,Home,46.35,0.15,1
957,31,Male,Urban,41,480.97,205,Sports,210.76,0.3,1
958,43,Female,Urban,36,446.94,334,Electronics,925.44,0.27,0
959,62,Female,Suburban,34,426.1,42,Electronics,369.28,0.0,0
960,44,Male,Urban,22,208.95,352,Electronics,108.12,0.04,0
961,26,Female,Urban,5,16.71,244,Clothing,703.89,0.15,0
962,43,Male,Suburban,3,49.31,286,Clothing,302.96,0.44,0
963,64,Male,Suburban,17,162.98,354,Sports,272.51,0.07,0
964,39,Female,Suburban,8,17.71,272,Home,997.99,0.36,0
965,64,Male,Urban,48,18.4,82,Home,858.85,0.49,0
966,47,Male,Rural,28,459.14,109,Electronics,410.9,0.4,0
967,60,Female,Rural,12,356.02,189,Books,980.36,0.12,0
968,65,Male,Suburban,46,161.39,287,Clothing,651.86,0.45,0
969,34,Male,Rural,16,75.0,250,Clothing,743.31,0.05,0
970,43,Male,Suburban,44,260.7,211,Electronics,36.36,0.23,1
971,53,Male,Urban,31,12.62,290,Clothing,126.0,0.44,0
972,18,Female,Rural,47,469.82,132,Electronics,634.92,0.32,0
973,25,Female,Urban,21,213.26,200,Sports,899.53,0.21,0
974,66,Female,Rural,3,207.14,284,Home,625.63,0.15,0
975,52,Male,Urban,4,201.39,325,Books,138.35,0.19,0
976,69,Male,Rural,36,43.97,94,Home,120.18,0.25,0
977,32,Female,Urban,40,322.78,277,Home,844.96,0.16,0
978,64,Male,Urban,48,369.17,324,Sports,143.61,0.48,1
979,39,Male,Rural,12,341.3,218,Clothing,522.63,0.47,0
980,31,Male,Urban,33,77.83,88,Books,41.93,0.44,1
981,43,Male,Urban,44,293.63,71,Clothing,85.27,0.21,1
982,45,Female,Urban,21,289.05,246,Home,673.99,0.35,0
983,40,Female,Rural,22,435.52,128,Electronics,690.74,0.45,0
984,31,Female,Rural,2,195.77,211,Home,344.76,0.43,0
985,41,Male,Urban,41,192.03,342,Clothing,219.53,0.21,0
986,19,Female,Urban,33,313.08,95,Home,814.64,0.06,0
987,62,Female,Rural,31,320.21,74,Electronics,221.02,0.04,0
988,43,Male,Rural,44,239.95,53,Sports,544.32,0.29,0
989,31,Male,Urban,48,227.1,343,Clothing,968.37,0.32,0
990,68,Female,Urban,20,252.13,53,Home,152.11,0.42,0
991,24,Female,Urban,45,431.91,217,Clothing,941.17,0.15,0
992,20,Female,Suburban,43,235.97,15,Sports,186.98,0.08,1
993,64,Female,Rural,20,470.57,98,Home,569.61,0.19,0
994,40,Male,Suburban,43,256.96,19,Home,380.12,0.18,0
995,63,Female,Rural,10,475.11,45,Clothing,965.1,0.07,0
996,60,Female,Rural,38,418.09,192,Clothing,277.17,0.34,0
997,64,Male,Rural,3,187.59,57,Electronics,402.66,0.25,0
998,62,Female,Rural,0,433.18,110,Sports,982.95,0.36,0
999,35,Male,Rural,27,63.93,128,Electronics,538.79,0.18,0
1000,55,Male,Rural,23,463.27,336,Home,505.12,0.16,0
